city,region,geo
Абаза,Хакасия,"52.651662,90.088581"
Абакан,Хакасия,"53.721152,91.442396"
Абдулино,Оренбургская область,"53.683962,53.654989"
Абинск,Краснодарский край,"44.866237,38.151288"
Агидель,Башкортостан,"55.899043,53.933439"
Агрыз,Татарстан,"56.526323,52.995266"
Адыгейск,Адыгея,"44.884856,39.190567"
Азнакаево,Татарстан,"54.858233,53.079923"
Азов,Ростовская область,"47.112448,39.423581"
Ак-Довурак,Тыва,"51.174721,90.593201"
Аксай,Ростовская область,"47.269914,39.862283"
Алагир,Северная Осетия,"43.041711,44.219884"
Алапаевск,Свердловская область,"57.852511,61.694524"
Алатырь,Чувашия,"54.840526,46.591949"
Алдан,Якутия,"58.608597,125.388878"
Алейск,Алтайский край,"52.492167,82.779457"
Александров,Владимирская область,"56.397774,38.727621"
Александровск,Пермский край,"59.16293,57.584669"
Александровск-Сахалинский,Сахалинская область,"50.895768,142.158915"
Алексеевка,Белгородская область,"50.630035,38.686568"
Алексин,Тульская область,"54.502429,37.066034"
Алзамай,Иркутская область,"55.555072,98.664357"
Алупка,Крым,"44.418052,34.052581"
Алушта,Крым,"44.676169,34.409667"
Альметьевск,Татарстан,"54.901171,52.29723"
Амурск,Хабаровский край,"50.226797,136.910607"
Анадырь,Чукотский АО,"64.735814,177.518913"
Анапа,Краснодарский край,"44.894269,37.316906"
Ангарск,Иркутская область,"52.544358,103.888249"
Андреаполь,Тверская область,"56.646257,32.2647"
Анжеро-Судженск,Кемеровская область,"56.08318,86.018216"
Анива,Сахалинская область,"46.720816,142.521879"
Апатиты,Мурманская область,"67.459713,33.581828"
Апрелевка,Московская область,"55.544998,37.073382"
Апшеронск,Краснодарский край,"55.544998,37.073382"
Арамиль,Свердловская область,"56.700276,60.828647"
Аргун,Чечня,"43.292662,45.867439"
Ардатов,Мордовия,"54.848898,46.23627"
Ардон,Северная Осетия,"43.179601,44.30535"
Арзамас,Нижегородская область,"55.386799,43.814133"
Аркадак,Саратовская область,"51.938814,43.499858"
Армавир,Краснодарский край,"44.997655,41.129644"
Армянск,Крым,"45.000547,35.062403"
Арсеньев,Приморский край,"44.163345,133.268729"
Арск,Татарстан,"56.091316,49.876998"
Артём,Приморский край,"43.353047,132.180339"
Артёмовск,Красноярский край,"54.343788,93.438121"
Артёмовский,Свердловская область,"57.337669,61.895513"
Архангельск,Архангельская область,"64.539911,40.515762"
Асбест,Свердловская область,"57.014317,61.461474"
Асино,Томская область,"56.997519,86.153906"
Астрахань,Астраханская область,"46.347614,48.030178"
Аткарск,Саратовская область,"51.877724,45.003655"
Ахтубинск,Астраханская область,"48.284884,46.164422"
Ачинск,Красноярский край,"56.269501,90.49524"
Ачхой-Мартан,Чечня,"43.190914,45.285672"
Аша,Челябинская область,"54.990628,57.278469"
Бабаево,Вологодская область,"59.389227,35.937768"
Бабушкин,Бурятия,"51.715839,105.864363"
Бавлы,Татарстан,"54.40332,53.235781"
Багратионовск,Калининградская область,"54.386514,20.639647"
Байкальск,Иркутская область,"51.522664,104.148877"
Баймак,Башкортостан,"52.597811,58.308136"
Бакал,Челябинская область,"54.938064,58.80918"
Баксан,Кабардино-Балкария,"43.681946,43.534622"
Балабаново,Калужская область,"55.178758,36.659843"
Балаково,Саратовская область,"52.01843,47.819676"
Балахна,Нижегородская область,"56.504919,43.601331"
Балашиха,Московская область,"55.797007,37.938118"
Балашов,Саратовская область,"51.554601,43.146478"
Балей,Забайкальский край,"51.582284,116.637948"
Балтийск,Калининградская область,"54.643775,19.894477"
Барабинск,Новосибирская область,"55.350412,78.341923"
Барнаул,Алтайский край,"53.346785,83.776856"
Барыш,Ульяновская область,"53.651846,47.105551"
Батайск,Ростовская область,"47.138333,39.744469"
Бахчисарай,Крым,"44.755694,33.848987"
Бежецк,Тверская область,"57.781318,36.693188"
Белая Калитва,Ростовская область,"48.177644,40.802388"
Белая Холуница,Кировская область,"58.84356,50.85273"
Белгород,Белгородская область,"50.595414,36.587277"
Белебей,Башкортостан,"54.103214,54.110111"
Белёв,Тульская область,"53.810152,36.130097"
Белинский,Пензенская область,"52.9653,43.417033"
Белово,Кемеровская область,"54.419291,86.303314"
Белогорск,Амурская область,"50.921292,128.473926"
Белогорск,Крым,"45.057869,34.604175"
Белозерск,Вологодская область,"60.032074,37.792456"
Белокуриха,Алтайский край,"51.996077,84.983968"
Беломорск,Карелия,"64.53032,34.763328"
Белоозёрский,Московская область,"55.459619,38.43892"
Белорецк,Башкортостан,"53.967621,58.410023"
Белореченск,Краснодарский край,"44.766017,39.86849"
Белоусово,Калужская область,"55.089532,36.662654"
Белоярский,Ханты-Мансийский АО,"63.716043,66.667597"
Белый,Тверская область,"55.833855,32.938814"
Бердск,Новосибирская область,"54.758288,83.107135"
Березники,Пермский край,"59.407024,56.806719"
Берёзовский,Кемеровская область,"55.669361,86.274523"
Берёзовский,Свердловская область,"56.909583,60.816457"
Беслан,Северная Осетия,"43.190783,44.541607"
Бийск,Алтайский край,"52.541811,85.220656"
Бикин,Хабаровский край,"46.818592,134.255043"
Билибино,Чукотский АО,"68.057129,166.451139"
Биробиджан,Еврейская АО,"48.78992,132.924746"
Бирск,Башкортостан,"55.417531,55.530716"
Бирюсинск,Иркутская область,"55.962438,97.813302"
Бирюч,Белгородская область,"50.649337,38.40023"
Благовещенск,Башкортостан,"55.049854,55.955224"
Благовещенск,Амурская область,"50.257456,127.534611"
Благодарный,Ставропольский край,"45.095656,43.44003"
Бобров,Воронежская область,"51.097724,40.035604"
Богданович,Свердловская область,"56.773977,62.057129"
Богородицк,Тульская область,"53.770699,38.131696"
Богородск,Нижегородская область,"56.103362,43.516764"
Боготол,Красноярский край,"56.211523,89.531222"
Богучар,Воронежская область,"49.935512,40.559088"
Бодайбо,Иркутская область,"57.847975,114.199867"
Бокситогорск,Ленинградская область,"59.473576,33.847675"
Болгар,Татарстан,"54.982239,49.022628"
Бологое,Тверская область,"57.885636,34.04959"
Болотное,Новосибирская область,"55.672006,84.385447"
Болохово,Тульская область,"54.082113,37.826799"
Болхов,Орловская область,"53.443097,36.005087"
Большой Камень,Приморский край,"43.111725,132.350345"
Бор,Нижегородская область,"56.356522,44.064575"
Борзя,Забайкальский край,"50.391551,116.527042"
Борисоглебск,Воронежская область,"51.366308,42.075183"
Боровичи,Новгородская область,"58.390115,33.910459"
Боровск,Калужская область,"55.207428,36.48353"
Бородино,Красноярский край,"55.905442,94.902177"
Братск,Иркутская область,"56.151682,101.633505"
Бронницы,Московская область,"55.42565,38.264243"
Брянск,Брянская область,"53.2434,34.363991"
Бугры,Ленинградская область,"60.068722,30.393806"
Бугульма,Татарстан,"54.541877,52.798634"
Бугуруслан,Оренбургская область,"53.6523,52.432606"
Будённовск,Ставропольский край,"44.780184,44.163129"
Бузулук,Оренбургская область,"52.787097,52.263292"
Буинск,Татарстан,"54.964158,48.290151"
Буй,Костромская область,"58.481724,41.533113"
Буйнакск,Дагестан,"42.821755,47.115927"
Бутурлиновка,Воронежская область,"50.835367,40.584825"
Валдай,Новгородская область,"57.98069,33.246406"
Валуйки,Белгородская область,"50.211332,38.100111"
Велиж,Смоленская область,"55.605485,31.195364"
Великие Луки,Псковская область,"56.343703,30.515671"
Великий Новгород,Новгородская область,"58.522857,31.269816"
Великий Устюг,Вологодская область,"60.758106,46.304694"
Вельск,Архангельская область,"61.065915,42.10331"
Венёв,Тульская область,"54.350369,38.265536"
Верещагино,Пермский край,"58.076592,54.669043"
Верея,Московская область,"55.343369,36.185694"
Верхнеуральск,Челябинская область,"53.872842,59.206613"
Верхний Тагил,Свердловская область,"57.371773,59.934132"
Верхний Уфалей,Челябинская область,"56.054673,60.221107"
Верхняя Пышма,Свердловская область,"56.970236,60.573462"
Верхняя Салда,Свердловская область,"58.050898,60.546253"
Верхняя Тура,Свердловская область,"58.359818,59.820153"
Верхотурье,Свердловская область,"58.862216,60.810222"
Верхоянск,Якутия,"67.54843,133.388088"
Весьегонск,Тверская область,"58.658093,37.259288"
Ветлуга,Нижегородская область,"57.852889,45.776099"
Видное,Московская область,"55.557037,37.70876"
Вилюйск,Якутия,"63.7549,121.623607"
Вилючинск,Камчатский край,"52.93179,158.405063"
Вихоревка,Иркутская область,"56.120723,101.170396"
Вичуга,Ивановская область,"57.217138,41.918158"
Владивосток,Приморский край,"43.115542,131.885494"
Владикавказ,Северная Осетия,"43.024616,44.681771"
Владимир,Владимирская область,"56.129057,40.406635"
Волгоград,Волгоградская область,"48.791588,44.354443"
Волгодонск,Ростовская область,"47.519624,42.206329"
Волгореченск,Костромская область,"57.439522,41.157438"
Волжск,Марий Эл,"55.860428,48.378168"
Волжский,Волгоградская область,"48.786127,44.751229"
Вологда,Вологодская область,"59.220501,39.891523"
Володарск,Нижегородская область,"56.223621,43.179977"
Волоколамск,Московская область,"56.035869,35.955222"
Волосово,Ленинградская область,"59.447275,29.484819"
Волхов,Ленинградская область,"59.900543,32.352681"
Волчанск,Свердловская область,"59.934749,60.077871"
Вольск,Саратовская область,"52.045978,47.387299"
Воркута,Коми,"67.493504,64.050113"
Воронеж,Воронежская область,"51.660781,39.200296"
Ворсма,Нижегородская область,"55.988067,43.274821"
Воскресенск,Московская область,"55.322978,38.673362"
Воткинск,Удмуртия,"57.05232,53.985236"
Всеволожск,Ленинградская область,"60.024626,30.645873"
Вуктыл,Коми,"63.844407,57.29984"
Выборг,Ленинградская область,"60.271815,28.960203"
Выкса,Нижегородская область,"55.320688,42.16797"
Высоковск,Московская область,"56.320248,36.551236"
Высоцк,Ленинградская область,"60.625604,28.568277"
Вытегра,Вологодская область,"61.006359,36.449511"
Вышний Волочёк,Тверская область,"57.584174,34.558836"
Вяземский,Хабаровский край,"47.535066,134.753635"
Вязники,Владимирская область,"56.247026,42.158862"
Вязьма,Смоленская область,"55.205944,34.298037"
Вятские Поляны,Кировская область,"56.222896,51.074919"
Гаврилов Посад,Ивановская область,"56.558452,40.120297"
Гаврилов-Ям,Ярославская область,"57.303956,39.853847"
Гагарин,Смоленская область,"55.553299,34.996854"
Гаджиево,Мурманская область,"69.250425,33.315082"
Гай,Оренбургская область,"51.463453,58.440637"
Галич,Костромская область,"58.381203,42.34749"
Гатчина,Ленинградская область,"59.56841,30.122892"
Гвардейск,Калининградская область,"54.647708,21.071341"
Гдов,Псковская область,"58.744398,27.819594"
Геленджик,Краснодарский край,"44.561012,38.077115"
Георгиевск,Ставропольский край,"44.147959,43.474274"
Глазов,Удмуртия,"58.140801,52.674253"
Голицыно,Московская область,"55.615949,36.987126"
Горбатов,Нижегородская область,"56.132559,43.058722"
Горно-Алтайск,Алтай,"51.957804,85.960634"
Горнозаводск,Пермский край,"58.374682,58.330917"
Горняк,Алтайский край,"50.999759,81.460766"
Городец,Нижегородская область,"56.644822,43.47236"
Городище,Пензенская область,"53.272758,45.70267"
Городовиковск,Калмыкия,"46.083105,41.936052"
Гороховец,Владимирская область,"56.2017,42.691203"
Горячий Ключ,Краснодарский край,"44.634246,39.136426"
Грайворон,Белгородская область,"50.486275,35.66583"
Гремячинск,Пермский край,"58.562604,57.852043"
Грозный,Чечня,"43.318366,45.692421"
Грязи,Липецкая область,"52.496191,39.95533"
Грязовец,Вологодская область,"58.880756,40.254343"
Губаха,Пермский край,"58.837022,57.554584"
Губкин,Белгородская область,"51.321407,37.542204"
Губкинский,Ямало-Ненецкий АО,"64.432625,76.500503"
Гудермес,Чечня,"43.352037,46.102906"
Гуково,Ростовская область,"48.061025,39.934929"
Гулькевичи,Краснодарский край,"45.360342,40.695236"
Гурьевск,Калининградская область,"54.770401,20.608359"
Гурьевск,Кемеровская область,"54.284748,85.932059"
Гусев,Калининградская область,"54.591841,22.201117"
Гусиноозёрск,Бурятия,"51.285453,106.52953"
Гусь-Хрустальный,Владимирская область,"55.614556,40.671045"
Давлеканово,Башкортостан,"54.212956,55.03057"
Дагестанские Огни,Дагестан,"42.115189,48.193923"
Далматово,Курганская область,"56.258613,62.93932"
Дальнегорск,Приморский край,"44.558764,135.576366"
Дальнереченск,Приморский край,"45.931182,133.726941"
Данилов,Ярославская область,"58.188193,40.174995"
Данков,Липецкая область,"53.246197,39.134423"
Дегтярск,Свердловская область,"56.698344,60.086827"
Дедовск,Московская область,"55.859953,37.120445"
Демидов,Смоленская область,"55.26444,31.515011"
Дербент,Дагестан,"42.057669,48.288776"
Десногорск,Смоленская область,"54.152351,33.287881"
Джанкойн,Крым,"45.713348,34.392872"
Дзержинск,Нижегородская область,"56.238382,43.461634"
Дзержинский,Московская область,"55.630944,37.849616"
Дивногорск,Красноярский край,"55.957726,92.380148"
Дигора,Северная Осетия,"43.156732,44.155044"
Димитровград,Ульяновская область,"54.217515,49.623924"
Дмитриев,Курская область,"52.12778,35.080353"
Дмитров,Московская область,"56.342905,37.517608"
Дмитровск,Орловская область,"52.505127,35.141645"
Дно,Псковская область,"57.828222,29.961393"
Добрянка,Пермский край,"58.468068,56.403986"
Долгопрудный,Московская область,"55.933302,37.51423"
Долинск,Сахалинская область,"47.324133,142.79821"
Домодедово,Московская область,"55.437174,37.768004"
Донецк,Ростовская область,"55.415175,37.901512"
Донской,Тульская область,"53.968352,38.33741"
Дорогобуж,Смоленская область,"54.912677,33.297044"
Дрезна,Московская область,"55.741404,38.842371"
Дубна,Московская область,"56.73639,37.16227"
Дубовка,Волгоградская область,"49.055375,44.826957"
Дудинка,Красноярский край,"69.405769,86.164992"
Духовщина,Смоленская область,"55.191356,32.414171"
Дюртюли,Башкортостан,"55.48529,54.873472"
Дятьково,Брянская область,"53.597311,34.339656"
Евпатория,Крым,"45.190635,33.367643"
Егорьевск,Московская область,"55.383055,39.035842"
Ейск,Краснодарский край,"46.711944,38.27266"
Екатеринбург,Свердловская область,"56.838011,60.597474"
Елабуга,Татарстан,"56.838011,60.597474"
Елец,Липецкая область,"52.621938,38.500446"
Елизово,Камчатский край,"53.189231,158.382659"
Ельня,Смоленская область,"54.575911,33.182743"
Еманжелинск,Челябинская область,"54.752147,61.317223"
Емва,Коми,"62.598375,50.886569"
Енисейск,Красноярский край,"58.454915,92.179832"
Ермолино,Калужская область,"55.196911,36.595272"
Ершов,Саратовская область,"51.349829,48.266498"
Ессентуки,Ставропольский край,"44.044526,42.85891"
Ефремов,Тульская область,"53.137603,38.117673"
Железноводск,Ставропольский край,"44.131967,43.030506"
Железногорск,Красноярский край,"56.250952,93.532677"
Железногорск,Курская область,"52.339203,35.350871"
Железногорск-Илимский,Иркутская область,"56.584848,104.114292"
Жердевка,Тамбовская область,"51.844163,41.469638"
Жигулёвск,Самарская область,"53.40172,49.494657"
Жиздра,Калужская область,"53.7474,34.734187"
Жирновск,Волгоградская область,"50.978718,44.778843"
Жуков,Калужская область,"55.030627,36.747895"
Жуковка,Брянская область,"53.533067,33.732547"
Жуковский,Московская область,"55.561670,38.117736"
Завитинск,Амурская область,"50.106524,129.439318"
Заводоуковск,Тюменская область,"56.509583,66.539453"
Заволжск,Ивановская область,"57.490765,42.138748"
Заволжье,Нижегородская область,"56.640441,43.387164"
Задонск,Липецкая область,"52.387779,38.918674"
Заинск,Татарстан,"55.283928,52.000427"
Закаменск,Бурятия,"50.372602,103.286764"
Заозёрный,Красноярский край,"55.961818,94.709228"
Заозёрск,Мурманская область,"69.401974,32.445648"
Западная Двина,Тверская область,"56.259628,32.071275"
Заполярный,Мурманская область,"69.426135,30.820524"
Зарайск,Московская область,"54.758475,38.881718"
Заречный,Пензенская область,"53.196088,45.169071"
Заречный,Свердловская область,"56.814966,61.320349"
Заринск,Алтайский край,"53.706337,84.931488"
Звенигово,Марий Эл,"55.972312,48.015329"
Звенигород,Московская область,"55.729828,36.854463"
Зверево,Ростовская область,"48.042956,40.126387"
Зеленогорск,Красноярский край,"56.113291,94.588844"
Зеленоградск,Калининградская область,"54.958322,20.473216"
Зеленодольск,Татарстан,"55.847048,48.492802"
Зеленокумск,Ставропольский край,"44.403288,43.884148"
Зерноград,Ростовская область,"46.849564,40.312824"
Зея,Амурская область,"53.734038,127.265889"
Зима,Иркутская область,"53.920725,102.049065"
Златоуст,Челябинская область,"55.173113,59.672425"
Злынка,Брянская область,"52.427389,31.737084"
Змеиногорск,Алтайский край,"51.153908,82.198472"
Знаменск,Астраханская область,"48.587337,45.723188"
Зубцов,Тверская область,"56.170536,34.582902"
Зуевка,Кировская область,"58.406027,51.138969"
Ивангород,Ленинградская область,"59.37649,28.219712"
Иваново,Ивановская область,"56.999799,40.973014"
Ивантеевка,Московская область,"55.976201,37.907414"
Ивдель,Свердловская область,"60.697353,60.417299"
Игарка,Красноярский край,"67.46694,86.567662"
Ижевск,Удмуртия,"56.852676,53.2069"
Избербаш,Дагестан,"42.565148,47.871087"
Изобильный,Ставропольский край,"45.368543,41.708644"
Иланский,Красноярский край,"56.238557,96.065306"
Инза,Ульяновская область,"53.85704,46.351649"
Иннополис,Татарстан,"55.752085,48.744618"
Инсар,Мордовия,"53.869577,44.369238"
Инта,Коми,"66.036823,60.115367"
Ипатово,Ставропольский край,"45.717425,42.911156"
Ирбит,Свердловская область,"57.68507,63.054079"
Иркутск,Иркутская область,"52.273108,104.355786"
Исилькуль,Омская область,"54.913914,71.262453"
Искитим,Новосибирская область,"54.642587,83.306391"
Истра,Московская область,"55.91466,36.859017"
Ишим,Тюменская область,"56.109175,69.457073"
Ишимбай,Башкортостан,"53.454626,56.04395"
Йошкар-Ола,Марий Эл,"56.6316,47.886178"
Кадников,Вологодская область,"59.501748,40.341112"
Казань,Татарстан,"55.796127,49.106414"
Калач,Воронежская область,"50.424136,41.016231"
Калач-на-Дону,Волгоградская область,"48.682007,43.538216"
Калачинск,Омская область,"55.052613,74.581782"
Калининград,Калининградская область,"54.710162,20.510137"
Калининск,Саратовская область,"51.499671,44.48548"
Калтан,Кемеровская область,"53.521088,87.27716"
Калуга,Калужская область,"54.513678,36.261341"
Калязин,Тверская область,"57.241069,37.828308"
Камбарка,Удмуртия,"56.266957,54.193475"
Каменка,Пензенская область,"53.184618,44.051648"
Каменногорск,Ленинградская область,"60.95081,29.130882"
Каменск-Уральский,Свердловская область,"56.415236,61.917818"
Каменск-Шахтинский,Ростовская область,"48.323133,40.269534"
Камень-на-Оби,Алтайский край,"53.791492,81.354558"
Камешково,Владимирская область,"56.348921,40.995597"
Камызяк,Астраханская область,"46.114432,48.067548"
Камышин,Волгоградская область,"50.085287,45.402166"
Камышлов,Свердловская область,"56.843988,62.707464"
Канаш,Чувашия,"55.506943,47.491764"
Кандалакша,Мурманская область,"67.151256,32.412832"
Канск,Красноярский край,"56.204179,95.706654"
Карабаново,Владимирская область,"56.308116,38.696853"
Карабаш,Челябинская область,"55.488371,60.203087"
Карабулак,Ингушетия,"43.305601,44.909413"
Карасук,Новосибирская область,"53.731934,78.04936"
Карачаевск,Карачаево-Черкесия,"43.769958,41.911475"
Карачев,Брянская область,"53.121594,34.982805"
Каргат,Новосибирская область,"55.194486,80.283012"
Каргополь,Архангельская область,"61.505339,38.948166"
Карпинск,Свердловская область,"59.766633,60.001074"
Карталы,Челябинская область,"53.053308,60.639462"
Касимов,Рязанская область,"54.937288,41.391368"
Касли,Челябинская область,"55.897337,60.757411"
Каспийск,Дагестан,"42.890853,47.635665"
Катав-Ивановск,Челябинская область,"54.753513,58.205836"
Катайск,Курганская область,"56.283235,62.58365"
Качканар,Свердловская область,"58.70526,59.485037"
Кашин,Тверская область,"57.361939,37.607745"
Кашира,Московская область,"54.834589,38.15154"
Кедровый,Томская область,"57.560963,79.566974"
Кемерово,Кемеровская область,"55.355198,86.086847"
Кемь,Карелия,"64.955532,34.59838"
Керчь,Крым,"44.948237,34.100318"
Кизел,Пермский край,"59.04943,57.653875"
Кизилюрт,Дагестан,"43.204637,46.866887"
Кизляр,Дагестан,"43.850312,46.710338"
Кимовск,Тульская область,"53.972149,38.533063"
Кимры,Тверская область,"56.872659,37.358274"
Кингисепп,Ленинградская область,"59.378053,28.601209"
Кинель,Самарская область,"53.22101,50.634394"
Кинешма,Ивановская область,"57.443126,42.169525"
Киреевск,Тульская область,"53.934949,37.928542"
Киренск,Иркутская область,"57.775727,108.110825"
Киржач,Владимирская область,"56.161945,38.871585"
Кириллов,Вологодская область,"59.859059,38.374942"
Кириши,Ленинградская область,"59.449695,32.008716"
Киров,Калужская область,"54.079614,34.307999"
Киров,Кировская область,"58.419938,49.250001"
Кировград,Свердловская область,"57.431916,60.062321"
Кирово-Чепецк,Кировская область,"58.556581,50.043941"
Кировск,Ленинградская область,"59.87533,30.981457"
Кировск,Мурманская область,"67.61206,33.668237"
Кирс,Кировская область,"59.339991,52.241516"
Кирсанов,Тамбовская область,"52.650652,42.728663"
Киселёвск,Кемеровская область,"54.006072,86.636742"
Кисловодск,Ставропольский край,"43.905518,42.715718"
Клин,Московская область,"56.331588,36.728725"
Клинцы,Брянская область,"52.753143,32.233852"
Княгинино,Нижегородская область,"55.820566,45.032249"
Ковдор,Мурманская область,"67.562917,30.474034"
Ковров,Владимирская область,"56.362506,41.310933"
Ковылкино,Мордовия,"54.0379,43.91505"
Когалым,Ханты-Мансийский АО,"62.264069,74.482761"
Кодинск,Красноярский край,"58.603412,99.179712"
Козельск,Калужская область,"54.034601,35.78226"
Козловка,Чувашия,"55.840386,48.245136"
Козьмодемьянск,Марий Эл,"56.332631,46.547222"
Кола,Мурманская область,"68.878221,33.025232"
Кологрив,Костромская область,"58.825182,44.310551"
Коломна,Московская область,"55.095276,38.765574"
Колпашево,Томская область,"58.311389,82.902688"
Колтуши,Ленинградская область,"59.932996,30.655306"
Кольчугино,Владимирская область,"56.293647,39.376501"
Коммунар,Ленинградская область,"59.621609,30.393483"
Комсомольск,Ивановская область,"57.027394,40.37761"
Комсомольск-на-Амуре,Хабаровский край,"50.550055,137.008685"
Конаково,Тверская область,"56.713242,36.779354"
Кондопога,Карелия,"62.20475,34.272758"
Кондрово,Калужская область,"54.807435,35.926647"
Константиновск,Ростовская область,"47.577341,41.096694"
Копейск,Челябинская область,"55.115697,61.611574"
Кораблино,Рязанская область,"53.926817,40.034463"
Кореновск,Краснодарский край,"45.462742,39.448033"
Коркино,Челябинская область,"54.892493,61.393049"
Королёв,Московская область,"55.918953,37.815211"
Короча,Белгородская область,"50.811355,37.196119"
Корсаков,Сахалинская область,"46.63498,142.782579"
Коряжма,Архангельская область,"61.315335,47.159864"
Костерёво,Владимирская область,"55.934296,39.63385"
Костомукша,Карелия,"64.587358,30.596637"
Кострома,Костромская область,"57.767918,40.926894"
Котельники,Московская область,"55.660191,37.850523"
Котельниково,Волгоградская область,"47.630046,43.146065"
Котельнич,Кировская область,"58.305095,48.346313"
Котлас,Архангельская область,"61.252975,46.633226"
Котово,Волгоградская область,"50.322064,44.801328"
Котовск,Тамбовская область,"52.59292,41.50575"
Кохма,Ивановская область,"56.932531,41.093217"
Красавино,Вологодская область,"60.961377,46.481474"
Красноармейск,Московская область,"56.120342,38.141578"
Красноармейск,Саратовская область,"51.023973,45.695178"
Красновишерск,Пермский край,"60.412825,57.083301"
Красногорск,Московская область,"55.820369,37.319484"
Краснодар,Краснодарский край,"45.03547,38.975313"
Краснозаводск,Московская область,"56.43791,38.25154"
Краснознаменск,Калининградская область,"54.942149,22.49059"
Краснознаменск,Московская область,"55.600506,37.042489"
Краснокаменск,Забайкальский край,"50.098683,118.034146"
Краснокамск,Пермский край,"58.078362,55.736376"
Красноперекопск,Крым,"44.948237,34.100318"
Краснослободск,Волгоградская область,"48.706788,44.563149"
Краснослободск,Мордовия,"54.424189,43.79384"
Краснотурьинск,Свердловская область,"59.763534,60.193574"
Красноуральск,Свердловская область,"58.356726,60.038749"
Красноуфимск,Свердловская область,"56.414882,58.495848"
Красноярск,Красноярский край,"56.010543,92.852581"
Красный Кут,Саратовская область,"50.951263,46.968118"
Красный Сулин,Ростовская область,"47.893519,40.057495"
Красный Холм,Тверская область,"58.057088,37.112531"
Кремёнки,Калужская область,"54.887036,37.116232"
Кропоткин,Краснодарский край,"45.432934,40.559402"
Крымск,Краснодарский край,"44.935414,37.987894"
Кстово,Нижегородская область,"56.150665,44.206805"
Кубинка,Московская область,"55.575577,36.695182"
Кувандык,Оренбургская область,"51.478528,57.350765"
Кувшиново,Тверская область,"57.028957,34.165877"
Кудрово,Ленинградская область,"59.908489,30.513578"
Кудымкар,Пермский край,"59.014548,54.664183"
Кузнецк,Пензенская область,"53.119335,46.601174"
Куйбышев,Новосибирская область,"55.445972,78.311111"
Кукмор,Татарстан,"56.186599,50.89399"
Кулебаки,Нижегородская область,"55.429716,42.512492"
Кумертау,Башкортостан,"52.756185,55.796698"
Кунгур,Пермский край,"57.42881,56.944215"
Купино,Новосибирская область,"54.364236,77.295691"
Курган,Курганская область,"55.441004,65.341118"
Курганинск,Краснодарский край,"44.88453,40.588858"
Курильск,Сахалинская область,"45.22829,147.875506"
Курлово,Владимирская область,"55.454973,40.611208"
Куровское,Московская область,"55.57718,38.923022"
Курск,Курская область,"51.730846,36.193015"
Куртамыш,Курганская область,"54.910156,64.42799"
Курчалой,Чечня,"43.204637,46.088955"
Курчатов,Курская область,"51.659518,35.657098"
Куса,Челябинская область,"55.337496,59.442196"
Кушва,Свердловская область,"58.282571,59.764682"
Кызыл,Тыва,"51.71989,94.43799"
Кыштым,Челябинская область,"55.707882,60.538958"
Кяхта,Бурятия,"50.35522,106.449903"
Лабинск,Краснодарский край,"44.635715,40.723578"
Лабытнанги,Ямало-Ненецкий АО,"66.660883,66.37993"
Лагань,Калмыкия,"45.392903,47.354142"
Ладушкин,Калининградская область,"54.570442,20.173933"
Лаишево,Татарстан,"55.402628,49.544522"
Лакинск,Владимирская область,"56.01711,39.949446"
Лангепас,Ханты-Мансийский АО,"61.253706,75.180725"
Лахденпохья,Карелия,"61.521157,30.194488"
Лебедянь,Липецкая область,"53.010982,39.134809"
Лениногорск,Татарстан,"54.599028,52.442676"
Ленинск,Волгоградская область,"48.693682,45.199228"
Ленинск-Кузнецкий,Кемеровская область,"54.663609,86.162243"
Ленск,Якутия,"60.713735,114.911853"
Лермонтов,Ставропольский край,"44.10535,42.973184"
Лесной,Свердловская область,"58.635513,59.79863"
Лесозаводск,Приморский край,"45.464809,133.398221"
Лесосибирск,Красноярский край,"58.221733,92.503666"
Ливны,Орловская область,"52.426549,37.60805"
Ликино-Дулёво,Московская область,"55.707086,38.958712"
Липецк,Липецкая область,"52.608826,39.599229"
Липки,Тульская область,"53.941755,37.701924"
Лиски,Воронежская область,"50.987304,39.497099"
Лихославль,Тверская область,"57.121452,35.467751"
Лобня,Московская область,"56.01242,37.47492"
Лодейное Поле,Ленинградская область,"60.734547,33.545886"
Лосино-Петровский,Московская область,"55.872183,38.200992"
Луга,Ленинградская область,"58.735207,29.847945"
Луза,Кировская область,"60.631301,47.255534"
Лукоянов,Нижегородская область,"55.035576,44.49299"
Луховицы,Московская область,"54.96515,39.02605"
Лысково,Нижегородская область,"56.021362,45.040971"
Лысьва,Пермский край,"58.100184,57.810047"
Лыткарино,Московская область,"55.579302,37.908986"
Льгов,Курская область,"51.655953,35.257456"
Любань,Ленинградская область,"59.349301,31.24858"
Люберцы,Московская область,"55.676748,37.893328"
Любим,Ярославская область,"58.362004,40.686882"
Людиново,Калужская область,"53.864533,34.447732"
Лянтор,Ханты-Мансийский АО,"61.620667,72.155361"
Магадан,Магаданская область,"59.565155,150.808586"
Магас,Ингушетия,"43.166787,44.803574"
Магнитогорск,Челябинская область,"54.152298,59.808278"
Майкоп,Адыгея,"44.606683,40.105852"
Майский,Кабардино-Балкария,"43.628254,44.051756"
Макаров,Сахалинская область,"48.622695,142.781807"
Макарьев,Костромская область,"57.880038,43.807764"
Макушино,Курганская область,"55.205029,67.248601"
Малая Вишера,Новгородская область,"58.845758,32.217673"
Малгобек,Ингушетия,"43.509318,44.585723"
Малмыж,Кировская область,"56.524466,50.678232"
Малоархангельск,Орловская область,"52.400974,36.502107"
Малоярославец,Калужская область,"55.012667,36.461351"
Мамадыш,Татарстан,"55.717847,51.409703"
Мамоново,Калининградская область,"54.462922,19.941485"
Мантурово,Костромская область,"58.333979,44.763652"
Мариинск,Кемеровская область,"56.206957,87.742263"
Мариинский Посад,Чувашия,"56.113707,47.718661"
Маркс,Саратовская область,"51.712591,46.740144"
Махачкала,Дагестан,"42.9831,47.504745"
Мглин,Брянская область,"53.061074,32.847815"
Мегион,Ханты-Мансийский АО,"61.03289,76.102621"
Медвежьегорск,Карелия,"62.914998,34.473101"
Медногорск,Оренбургская область,"51.403446,57.582944"
Медынь,Калужская область,"54.968535,35.856515"
Межгорье,Башкортостан,"54.241604,57.973531"
Междуреченск,Кемеровская область,"53.685199,88.080398"
Мезень,Архангельская область,"65.844166,44.243447"
Меленки,Владимирская область,"55.33872,41.634039"
Мелеуз,Башкортостан,"52.959143,55.927672"
Менделеевск,Татарстан,"55.895186,52.314397"
Мензелинск,Татарстан,"55.719972,53.101429"
Мещовск,Калужская область,"54.321476,35.27809"
Миасс,Челябинская область,"55.050432,60.109599"
Микунь,Коми,"62.356493,50.082532"
Миллерово,Ростовская область,"48.92173,40.394849"
Минеральные Воды,Ставропольский край,"44.208806,43.13834"
Минусинск,Красноярский край,"53.710015,91.686981"
Миньяр,Челябинская область,"55.070912,57.548467"
Мирный,Якутия,"62.541028,113.978701"
Мирный,Архангельская область,"62.761555,40.326613"
Михайлов,Рязанская область,"54.232506,39.023517"
Михайловка,Волгоградская область,"50.07938,43.23445"
Михайловск,Свердловская область,"56.444862,59.125926"
Михайловск,Ставропольский край,"45.129667,42.028803"
Мичуринск,Тамбовская область,"52.893913,40.49802"
Могоча,Забайкальский край,"53.736707,119.761786"
Можайск,Московская область,"55.506954,36.016972"
Можга,Удмуртия,"56.440244,52.213022"
Моздок,Северная Осетия,"43.735433,44.653887"
Мончегорск,Мурманская область,"67.938921,32.937071"
Морозовск,Ростовская область,"48.351157,41.830887"
Моршанск,Тамбовская область,"53.443611,41.811627"
Мосальск,Калужская область,"54.490397,34.982526"
Москва,Москва,"55.755819,37.617644"
Муравленко,Ямало-Ненецкий АО,"63.795285,74.494457"
Мураши,Кировская область,"59.397868,48.965396"
Мурино,Ленинградская область,"60.051284,30.438578"
Мурманск,Мурманская область,"68.970663,33.074918"
Муром,Владимирская область,"55.835200,41.207114"
Мценск,Орловская область,"53.278939,36.575006"
Мыски,Кемеровская область,"53.712514,87.805747"
Мытищи,Московская область,"55.909968,37.736743"
Мышкин,Ярославская область,"57.78663,38.454883"
Набережные Челны,Татарстан,"55.741272,52.403662"
Навашино,Нижегородская область,"55.543893,42.188748"
Наволоки,Ивановская область,"57.470593,41.957774"
Надым,Ямало-Ненецкий АО,"65.527025,72.540055"
Назарово,Красноярский край,"56.012345,90.417697"
Назрань,Ингушетия,"43.231409,44.768485"
Называевск,Омская область,"55.564821,71.349186"
Нальчик,Кабардино-Балкария,"43.485259,43.607081"
Нариманов,Астраханская область,"46.689553,47.854405"
Наро-Фоминск,Московская область,"55.383838,36.72285"
Нарткала,Кабардино-Балкария,"43.556734,43.862022"
Нарьян-Мар,Ненецкий АО,"67.63805,53.006926"
Наурская,Чечня,"43.649842,45.308849"
Находка,Приморский край,"42.824043,132.89282"
Невель,Псковская область,"56.017483,29.91725"
Невельск,Сахалинская область,"46.671673,141.856596"
Невинномысск,Ставропольский край,"44.638287,41.936061"
Невьянск,Свердловская область,"57.491225,60.218251"
Нелидово,Тверская область,"56.225553,32.772042"
Неман,Калининградская область,"55.038841,22.028146"
Нерехта,Костромская область,"57.460544,40.572563"
Нерчинск,Забайкальский край,"51.977058,116.585693"
Нерюнгри,Якутия,"56.657717,124.712311"
Нестеров,Калининградская область,"54.631368,22.571366"
Нефтегорск,Самарская область,"52.797221,51.163808"
Нефтекамск,Башкортостан,"56.088483,54.247751"
Нефтекумск,Ставропольский край,"44.750586,44.994097"
Нефтеюганск,Ханты-Мансийский АО,"61.088255,72.616403"
Нея,Костромская область,"58.293703,43.873629"
Нижневартовск,Ханты-Мансийский АО,"60.938545,76.558902"
Нижнекамск,Татарстан,"55.637576,51.819712"
Нижнеудинск,Иркутская область,"54.901238,99.026387"
Нижние Серги,Свердловская область,"56.658533,59.301322"
Нижний Ломов,Пензенская область,"53.530049,43.672999"
Нижний Новгород,Нижегородская область,"56.326797,44.006516"
Нижний Тагил,Свердловская область,"57.907562,59.971474"
Нижняя Салда,Свердловская область,"58.07149,60.716331"
Нижняя Тура,Свердловская область,"58.631072,59.851325"
Николаевск,Волгоградская область,"50.025878,45.45911"
Николаевск-на-Амуре,Хабаровский край,"53.14025,140.713795"
Никольск,Вологодская область,"59.530416,45.45849"
Никольск,Пензенская область,"53.71447,46.084356"
Никольское,Ленинградская область,"59.704574,30.78681"
Новая Ладога,Ленинградская область,"60.106401,32.316183"
Новая Ляля,Свердловская область,"59.052073,60.594142"
Новоалександровск,Ставропольский край,"45.49331,41.215388"
Новоалтайск,Алтайский край,"53.412021,83.931079"
Новоаннинский,Волгоградская область,"50.529606,42.667083"
Нововоронеж,Воронежская область,"51.3091,39.215981"
Новодвинск,Архангельская область,"64.413687,40.82083"
Новозыбков,Брянская область,"52.536723,31.933231"
Новокубанск,Краснодарский край,"45.103799,41.043935"
Новокузнецк,Кемеровская область,"53.757553,87.136053"
Новокуйбышевск,Самарская область,"53.099469,49.947776"
Новомичуринск,Рязанская область,"54.034574,39.750865"
Новомосковск,Тульская область,"54.010914,38.291057"
Новопавловск,Ставропольский край,"43.957369,43.63191"
Новоржев,Псковская область,"57.029623,29.332419"
Новороссийск,Краснодарский край,"44.723771,37.768813"
Новосибирск,Новосибирская область,"55.030204,82.92043"
Новосиль,Орловская область,"52.972377,37.039947"
Новосокольники,Псковская область,"56.347424,30.152896"
Новотроицк,Оренбургская область,"51.196355,58.299683"
Новоузенск,Саратовская область,"50.462479,48.13538"
Новоульяновск,Ульяновская область,"54.151718,48.384824"
Новоуральск,Свердловская область,"57.247235,60.095613"
Новохопёрск,Воронежская область,"51.100286,41.631461"
Новочебоксарск,Чувашия,"56.108738,47.476807"
Новочеркасск,Ростовская область,"47.422052,40.093734"
Новошахтинск,Ростовская область,"47.754315,39.934705"
Новый Оскол,Белгородская область,"50.764439,37.863064"
Новый Уренгой,Ямало-Ненецкий АО,"66.084539,76.680956"
Ногинск,Московская область,"55.854476,38.441866"
Нолинск,Кировская область,"57.559713,49.935721"
Норильск,Красноярский край,"69.343985,88.210393"
Ноябрьск,Ямало-Ненецкий АО,"63.201805,75.450938"
Нурлат,Татарстан,"54.428122,50.804958"
Нытва,Пермский край,"57.939127,55.328631"
Нюрба,Якутия,"63.278463,118.336617"
Нягань,Ханты-Мансийский АО,"62.14681,65.433393"
Нязепетровск,Челябинская область,"56.053924,59.595449"
Няндома,Архангельская область,"61.661418,40.197103"
Облучье,Еврейская АО,"49.020287,131.05969"
Обнинск,Калужская область,"55.117082,36.597014"
Обоянь,Курская область,"51.209893,36.267638"
Обь,Новосибирская область,"54.995307,82.692859"
Одинцово,Московская область,"55.679138,37.263663"
Озёрск,Калининградская область,"54.408513,22.01353"
Озёрск,Челябинская область,"55.763189,60.707608"
Озёры,Московская область,"54.854092,38.559833"
Ойсхара,Чечня,"43.26467,46.251442"
Октябрьск,Самарская область,"53.164038,48.670677"
Октябрьский,Башкортостан,"54.481454,53.46557"
Окуловка,Новгородская область,"58.377145,33.298679"
Олёкминск,Якутия,"60.372981,120.403084"
Оленегорск,Мурманская область,"68.14046,33.270104"
Олонец,Карелия,"60.979719,32.972043"
Омск,Омская область,"54.989347,73.368221"
Омутнинск,Кировская область,"58.66406,52.177161"
Онега,Архангельская область,"63.914485,38.086655"
Опочка,Псковская область,"56.713993,28.658926"
Орёл,Орловская область,"52.970756,36.064358"
Оренбург,Оренбургская область,"51.768205,55.097"
Орехово-Зуево,Московская область,"55.805842,38.981601"
Орлов,Кировская область,"58.536149,48.897304"
Орск,Оренбургская область,"51.2293,58.474675"
Оса,Пермский край,"57.288394,55.470169"
Осинники,Кемеровская область,"53.598754,87.337078"
Осташков,Тверская область,"57.15605,33.102873"
Остров,Псковская область,"57.342186,28.352349"
Островной,Мурманская область,"68.065779,39.459352"
Острогожск,Воронежская область,"50.860145,39.082365"
Отрадное,Ленинградская область,"59.77409,30.794553"
Отрадный,Самарская область,"53.376549,51.348789"
Оха,Сахалинская область,"53.588974,142.949163"
Оханск,Пермский край,"57.721935,55.388656"
Очёр,Пермский край,"57.886674,54.718333"
Павлово,Нижегородская область,"55.965103,43.064848"
Павловск,Воронежская область,"50.453624,40.130439"
Павловский Посад,Московская область,"55.78034,38.650976"
Палласовка,Волгоградская область,"50.050172,46.880407"
Партизанск,Приморский край,"43.119820,133.123255"
Певек,Чукотский АО,"43.11982,133.123255"
Пенза,Пензенская область,"53.195042,45.018316"
Первомайск,Нижегородская область,"54.872259,43.797685"
Первоуральск,Свердловская область,"56.905819,59.943267"
Перевоз,Нижегородская область,"55.596854,44.54494"
Пересвет,Московская область,"56.415808,38.173342"
Переславль-Залесский,Ярославская область,"56.739194,38.854382"
Пермь,Пермский край,"58.010455,56.229443"
Пестово,Новгородская область,"58.599071,35.798107"
Петров Вал,Волгоградская область,"50.139571,45.214203"
Петровск,Саратовская область,"52.314028,45.38994"
Петровск-Забайкальский,Забайкальский край,"51.252999,108.827456"
Петрозаводск,Карелия,"61.785021,34.346878"
Петропавловск-Камчатский,Камчатский край,"53.024265,158.643503"
Петухово,Курганская область,"55.065035,67.887384"
Петушки,Владимирская область,"55.931104,39.459352"
Печора,Коми,"65.148606,57.223977"
Печоры,Псковская область,"57.813756,27.609352"
Пикалёво,Ленинградская область,"59.512684,34.177483"
Пионерский,Калининградская область,"54.951415,20.226898"
Питкяранта,Карелия,"61.568362,31.478108"
Плавск,Тульская область,"53.706843,37.291987"
Пласт,Челябинская область,"54.363281,60.808408"
Плёс,Ивановская область,"57.460583,41.512263"
Поворино,Воронежская область,"51.190773,42.245585"
Подольск,Московская область,"55.431136,37.544997"
Подпорожье,Ленинградская область,"60.912097,34.167952"
Покачи,Ханты-Мансийский АО,"61.741652,75.599753"
Покров,Владимирская область,"55.918081,39.175745"
Покровск,Якутия,"61.48424,129.148228"
Полевской,Свердловская область,"56.495802,60.236307"
Полесск,Калининградская область,"54.862782,21.109888"
Полысаево,Кемеровская область,"54.596446,86.289363"
Полярные Зори,Мурманская область,"67.365788,32.500975"
Полярный,Мурманская область,"69.197402,33.437235"
Поронайск,Сахалинская область,"49.221421,143.100852"
Порхов,Псковская область,"57.758556,29.558507"
Похвистнево,Самарская область,"53.653394,52.123038"
Почеп,Брянская область,"52.929135,33.454267"
Починок,Смоленская область,"54.405474,32.43953"
Пошехонье,Ярославская область,"58.503857,39.120481"
Правдинск,Калининградская область,"54.44634,21.018817"
Приволжск,Ивановская область,"57.380662,41.28083"
Приморск,Калининградская область,"54.729351,20.006964"
Приморск,Ленинградская область,"60.366014,28.613561"
Приморско-Ахтарск,Краснодарский край,"46.043509,38.177654"
Приозерск,Ленинградская область,"61.035979,30.115589"
Прокопьевск,Кемеровская область,"53.884493,86.750055"
Пролетарск,Ростовская область,"46.703855,41.727544"
Протвино,Московская область,"54.864969,37.2151"
Прохладный,Кабардино-Балкария,"43.75904,44.01055"
Псков,Псковская область,"57.819274,28.33246"
Пугачёв,Саратовская область,"52.0119,48.812036"
Пудож,Карелия,"61.80589,36.533"
Пустошка,Псковская область,"56.336788,29.365918"
Пучеж,Ивановская область,"56.982058,43.16802"
Пушкино,Московская область,"56.011318,37.847164"
Пущино,Московская область,"54.832484,37.620986"
Пыталово,Псковская область,"57.06393,27.923969"
Пыть-Ях,Ханты-Мансийский АО,"60.758176,72.837281"
Пятигорск,Ставропольский край,"44.034657,43.168622"
Радужный,Владимирская область,"55.995674,40.33194"
Радужный,Ханты-Мансийский АО,"62.135232,77.464"
Райчихинск,Амурская область,"49.794114,129.411255"
Раменское,Московская область,"55.561670,38.117736"
Рассказово,Тамбовская область,"52.653848,41.874302"
Ревда,Свердловская область,"56.800084,59.908718"
Реж,Свердловская область,"57.37054,61.404584"
Реутов,Московская область,"55.776624,37.845843"
Ржев,Тверская область,"56.263017,34.334419"
Родники,Ивановская область,"57.107152,41.733366"
Рославль,Смоленская область,"53.947229,32.857498"
Россошь,Воронежская область,"50.198256,39.562632"
Ростов-на-Дону,Ростовская область,"47.488385,39.929342"
Ростов,Ярославская область,"57.18587,39.414526"
Рошаль,Московская область,"55.663283,39.862768"
Ртищево,Саратовская область,"52.257455,43.785657"
Рубцовск,Алтайский край,"51.527623,81.217673"
Рудня,Смоленская область,"54.948013,31.081763"
Руза,Московская область,"55.703657,36.192242"
Рузаевка,Мордовия,"54.058274,44.94911"
Рыбинск,Ярославская область,"58.04864,38.855711"
Рыбное,Рязанская область,"54.730812,39.505463"
Рыльск,Курская область,"51.571263,34.681052"
Ряжск,Рязанская область,"53.708949,40.062894"
Рязань,Рязанская область,"54.629221,39.737111"
Саки,Крым,"44.948237,34.100318"
Салават,Башкортостан,"53.361651,55.924681"
Салаир,Кемеровская область,"54.238211,85.794832"
Салехард,Ямало-Ненецкий АО,"66.529866,66.614507"
Сальск,Ростовская область,"46.474898,41.541503"
Самара,Самарская область,"53.432755,50.246520"
Санкт-Петербург,Санкт-Петербург,"59.938676,30.314494"
Саранск,Мордовия,"54.187433,45.183938"
Сарапул,Удмуртия,"56.461218,53.803687"
Саратов,Саратовская область,"51.533562,46.034266"
Саров,Нижегородская область,"54.922793,43.344853"
Сасово,Рязанская область,"54.349933,41.924087"
Сатка,Челябинская область,"55.047456,58.974578"
Сафоново,Смоленская область,"55.106057,33.23798"
Саяногорск,Хакасия,"53.100762,91.412204"
Саянск,Иркутская область,"54.11081,102.180139"
Светлогорск,Калининградская область,"54.944057,20.146436"
Светлоград,Ставропольский край,"45.328573,42.856637"
Светлый,Калининградская область,"54.673268,20.131093"
Светогорск,Ленинградская область,"61.113731,28.865879"
Свирск,Иркутская область,"53.066572,103.342253"
Свободный,Амурская область,"51.375889,128.134156"
Себеж,Псковская область,"56.277403,28.484823"
Севастополь,Севастополь,"44.616495,33.525135"
Северо-Курильск,Сахалинская область,"50.668701,156.115734"
Северобайкальск,Бурятия,"55.636001,109.335597"
Северодвинск,Архангельская область,"64.563386,39.823781"
Североморск,Мурманская область,"69.076455,33.417679"
Североуральск,Свердловская область,"60.152394,59.952161"
Северск,Томская область,"56.60319,84.880913"
Севск,Брянская область,"52.156089,34.4951"
Сегежа,Карелия,"63.743705,34.312617"
Сельцо,Брянская область,"53.373966,34.105923"
Семёнов,Нижегородская область,"56.789017,44.49034"
Семикаракорск,Ростовская область,"47.517798,40.811505"
Семилуки,Воронежская область,"51.69463,39.020211"
Сенгилей,Ульяновская область,"53.962075,48.790593"
Серафимович,Волгоградская область,"49.584141,42.734017"
Сергач,Нижегородская область,"55.531035,45.465228"
Сергиев Посад,Московская область,"56.315311,38.135972"
Сердобск,Пензенская область,"52.455683,44.202735"
Серноводское,Чечня,"43.309438,45.162325"
Серов,Свердловская область,"59.605395,60.573588"
Серпухов,Московская область,"54.913681,37.416601"
Сертолово,Ленинградская область,"60.143531,30.217179"
Сибай,Башкортостан,"52.72039,58.665665"
Сим,Челябинская область,"54.988469,57.687184"
Симферополь,Крым,"44.948237,34.100327"
Сковородино,Амурская область,"53.987177,123.943641"
Скопин,Рязанская область,"53.82359,39.54939"
Славгород,Алтайский край,"52.997158,78.648671"
Славск,Калининградская область,"55.044345,21.682088"
Славянск-на-Кубани,Краснодарский край,"45.260332,38.12822"
Сланцы,Ленинградская область,"59.11779,28.088145"
Слободской,Кировская область,"58.731886,50.183674"
Слюдянка,Иркутская область,"51.656501,103.718845"
Смоленск,Смоленская область,"54.782495,32.048054"
Снежинск,Челябинская область,"56.087303,60.732707"
Снежногорск,Мурманская область,"69.192567,33.242148"
Собинка,Владимирская область,"55.993379,40.017736"
Советск,Калининградская область,"55.081034,21.888656"
Советск,Кировская область,"57.587599,48.959521"
Советск,Тульская область,"53.932946,37.626636"
Советская Гавань,Хабаровский край,"48.966446,140.285128"
Советский,Ханты-Мансийский АО,"61.370766,63.566802"
Сокол,Вологодская область,"59.46282,40.114808"
Солигалич,Костромская область,"59.077595,42.285973"
Соликамск,Пермский край,"59.649193,56.770391"
Солнечногорск,Московская область,"56.185107,36.977631"
Соль-Илецк,Оренбургская область,"51.161986,54.980031"
Сольвычегодск,Архангельская область,"61.330589,46.928089"
Сольцы,Новгородская область,"58.120173,30.309355"
Сорочинск,Оренбургская область,"52.431316,53.161149"
Сорск,Хакасия,"54.002611,90.253332"
Сортавала,Карелия,"61.702943,30.691633"
Сосенский,Калужская область,"54.059489,35.966038"
Сосновка,Кировская область,"56.253757,51.284334"
Сосновоборск,Красноярский край,"56.120211,93.335434"
Сосновый Бор,Ленинградская область,"59.904225,29.092264"
Сосногорск,Коми,"63.600002,53.873117"
Сочи,Краснодарский край,"43.585472,39.723098"
Спас-Деменск,Калужская область,"54.409807,34.018993"
Спас-Клепики,Рязанская область,"55.131167,40.17628"
Спасск,Пензенская область,"53.926499,43.186867"
Спасск-Дальний,Приморский край,"44.597647,132.817568"
Спасск-Рязанский,Рязанская область,"54.403896,40.380988"
Среднеколымск,Якутия,"67.458183,153.707009"
Среднеуральск,Свердловская область,"56.988855,60.463419"
Сретенск,Забайкальский край,"52.243661,117.696029"
Ставрополь,Ставропольский край,"45.043317,41.96911"
Старая Купавна,Московская область,"55.812206,38.183143"
Старая Русса,Новгородская область,"57.99072,31.355461"
Старица,Тверская область,"56.514927,34.933586"
Стародуб,Брянская область,"52.585277,32.760355"
Старый Крым,Крым,"45.031865,35.099316"
Старый Оскол,Белгородская область,"51.297974,37.833231"
Стерлитамак,Башкортостан,"53.630403,55.930825"
Стрежевой,Томская область,"60.732867,77.604011"
Строитель,Белгородская область,"50.785172,36.486998"
Струнино,Владимирская область,"56.372263,38.581402"
Ступино,Московская область,"54.88628,38.078237"
Суворов,Тульская область,"54.122088,36.490348"
Судак,Крым,"44.859985,34.970186"
Суджа,Курская область,"51.190581,35.269206"
Судогда,Владимирская область,"55.949884,40.856295"
Суздаль,Владимирская область,"56.419333,40.448757"
Сунжа,Ингушетия,"43.320353,45.047682"
Суоярви,Карелия,"62.087946,32.373325"
Сураж,Брянская область,"53.013891,32.393043"
Сургут,Ханты-Мансийский АО,"61.241778,73.393032"
Суровикино,Волгоградская область,"48.60538,42.844249"
Сурск,Пензенская область,"53.081839,45.694514"
Сусуман,Магаданская область,"62.779444,148.151657"
Сухиничи,Калужская область,"54.101551,35.337981"
Сухой Лог,Свердловская область,"56.905431,62.035542"
Сызрань,Самарская область,"53.155669,48.474611"
Сыктывкар,Коми,"61.668797,50.836497"
Сысерть,Свердловская область,"56.679307,60.584377"
Сычёвка,Смоленская область,"55.826746,34.276055"
Сясьстрой,Ленинградская область,"60.137057,32.561279"
Тавда,Свердловская область,"58.041876,65.272604"
Таганрог,Ростовская область,"47.198015,38.865350"
Тайга,Кемеровская область,"56.065143,85.631024"
Тайшет,Иркутская область,"55.940502,98.002982"
Талдом,Московская область,"56.730924,37.527938"
Талица,Свердловская область,"57.014273,63.733394"
Тамбов,Тамбовская область,"52.721295,41.45275"
Тара,Омская область,"56.901838,74.372034"
Тарко-Сале,Ямало-Ненецкий АО,"64.911823,77.761055"
Таруса,Калужская область,"54.729127,37.17959"
Татарск,Новосибирская область,"55.219447,75.973371"
Таштагол,Кемеровская область,"52.763918,87.848318"
Тверь,Тверская область,"56.858745,35.917421"
Теберда,Карачаево-Черкесия,"43.440071,41.744127"
Тейково,Ивановская область,"56.85436,40.535471"
Тельмана,Ленинградская область,"59.725612,30.612222"
Темников,Мордовия,"54.630618,43.219206"
Темрюк,Краснодарский край,"45.282044,37.365388"
Терек,Кабардино-Балкария,"43.483865,44.140267"
Тетюши,Татарстан,"54.928018,48.835958"
Тимашёвск,Краснодарский край,"45.614187,38.934"
Тихвин,Ленинградская область,"59.644213,33.542105"
Тихорецк,Краснодарский край,"45.852784,40.123171"
Тобольск,Тюменская область,"58.194688,68.231277"
Тогучин,Новосибирская область,"55.238018,84.402874"
Тольятти,Самарская область,"53.493144,49.006333"
Томари,Сахалинская область,"47.761063,142.063532"
Томмот,Якутия,"58.95867,126.287588"
Томск,Томская область,"56.603190,84.880913"
Топки,Кемеровская область,"55.276508,85.615223"
Торжок,Тверская область,"57.041338,34.960149"
Торопец,Тверская область,"56.495171,31.643686"
Тосно,Ленинградская область,"59.541179,30.875006"
Тотьма,Вологодская область,"59.973487,42.758873"
Трёхгорный,Челябинская область,"54.814652,58.44662"
Троицк,Челябинская область,"54.082757,61.559004"
Трубчевск,Брянская область,"52.579083,33.766082"
Туапсе,Краснодарский край,"44.115635,39.078116"
Туймазы,Башкортостан,"54.600708,53.694955"
Тула,Тульская область,"53.545225,36.475427"
Тулун,Иркутская область,"54.55712,100.578047"
Туран,Тыва,"52.142981,93.923328"
Туринск,Свердловская область,"58.052474,63.690814"
Тутаев,Ярославская область,"57.8688,39.530714"
Тында,Амурская область,"55.149666,124.73644"
Тырныауз,Кабардино-Балкария,"43.398091,42.921432"
Тюкалинск,Омская область,"55.872385,72.192299"
Тюмень,Тюменская область,"57.152985,65.541227"
Уварово,Тамбовская область,"51.983105,42.261009"
Углегорск,Сахалинская область,"49.079433,142.063343"
Углич,Ярославская область,"57.526597,38.319372"
Удачный,Якутия,"66.40697,112.306398"
Удомля,Тверская область,"57.871648,35.005739"
Ужур,Красноярский край,"55.32016,89.844006"
Узловая,Тульская область,"53.97844,38.160308"
Улан-Удэ,Бурятия,"51.834809,107.584547"
Ульяновск,Ульяновская область,"54.314192,48.403132"
Унеча,Брянская область,"52.845115,32.670676"
Урай,Ханты-Мансийский АО,"60.128955,64.803225"
Урень,Нижегородская область,"57.455281,45.790481"
Уржум,Кировская область,"57.109738,50.005726"
Урус-Мартан,Чечня,"43.130749,45.541297"
Урюпинск,Волгоградская область,"50.79451,41.995593"
Усинск,Коми,"65.994148,57.55701"
Усмань,Липецкая область,"52.043386,39.736096"
Усолье-Сибирское,Иркутская область,"52.757095,103.637332"
Усолье,Пермский край,"59.427416,56.684692"
Уссурийск,Приморский край,"43.797247,131.952122"
Усть-Джегута,Карачаево-Черкесия,"44.083902,41.971051"
Усть-Илимск,Иркутская область,"57.942686,102.733519"
Усть-Катав,Челябинская область,"54.930289,58.174709"
Усть-Кут,Иркутская область,"56.780882,105.74539"
Усть-Лабинск,Краснодарский край,"45.213657,39.691225"
Устюжна,Вологодская область,"58.842699,36.42867"
Уфа,Башкортостан,"54.566235,55.883628"
Ухта,Коми,"63.566006,53.663999"
Учалы,Башкортостан,"54.316497,59.379152"
Уяр,Красноярский край,"55.813177,94.328306"
Фатеж,Курская область,"52.089598,35.860935"
Феодосия,Крым,"45.026654,35.383911"
Фокино,Брянская область,"53.455436,34.415923"
Фокино,Приморский край,"42.97407,132.410936"
Фролово,Волгоградская область,"49.765605,43.649185"
Фрязино,Московская область,"55.961339,38.042808"
Фурманов,Ивановская область,"57.252601,41.106189"
Хабаровск,Хабаровский край,"48.185586,135.055352"
Хадыженск,Краснодарский край,"44.422804,39.537326"
Ханты-Мансийск,Ханты-Мансийский АО,"61.026144,69.095798"
Харабали,Астраханская область,"47.40307,47.249713"
Харовск,Вологодская область,"59.950745,40.206319"
Хасавюрт,Дагестан,"43.248524,46.585526"
Хвалынск,Саратовская область,"52.495506,48.105772"
Хилок,Забайкальский край,"51.363688,110.458922"
Химки,Московская область,"55.889361,37.444853"
Холм,Новгородская область,"57.148835,31.181835"
Холмск,Сахалинская область,"47.040819,142.042017"
Хотьково,Московская область,"56.252147,37.978803"
Цивильск,Чувашия,"55.864899,47.465309"
Цимлянск,Ростовская область,"47.646955,42.104783"
Циолковский,Амурская область,"51.762324,128.122514"
Чадан,Тыва,"51.28294,91.567406"
Чайковский,Пермский край,"56.778081,54.14881"
Чапаевск,Самарская область,"52.981709,49.710217"
Чаплыгин,Липецкая область,"53.240555,39.966999"
Чебаркуль,Челябинская область,"54.97779,60.37012"
Чебоксары,Чувашия,"56.139918,47.247728"
Чегем,Кабардино-Балкария,"43.57038,43.586725"
Чекалин,Тульская область,"54.098526,36.247219"
Челябинск,Челябинская область,"55.159902,61.402554"
Чердынь,Пермский край,"60.401192,56.482166"
Черемхово,Иркутская область,"53.137327,103.089377"
Черепаново,Новосибирская область,"54.228417,83.37221"
Череповец,Вологодская область,"59.122672,37.903443"
Черкесск,Карачаево-Черкесия,"44.228374,42.048279"
Чёрмоз,Пермский край,"58.778827,56.152296"
Черноголовка,Московская область,"56.009849,38.378248"
Черногорск,Хакасия,"53.827013,91.306005"
Чернушка,Пермский край,"56.516015,56.07637"
Черняховск,Калининградская область,"54.630706,21.819503"
Чехов,Московская область,"55.14235,37.454357"
Чистополь,Татарстан,"55.372339,50.643575"
Чита,Забайкальский край,"52.033635,113.501049"
Чкаловск,Нижегородская область,"56.766257,43.251105"
Чудово,Новгородская область,"59.121666,31.678136"
Чулым,Новосибирская область,"55.090031,80.969846"
Чусовой,Пермский край,"58.305058,57.808053"
Чухлома,Костромская область,"58.753399,42.688481"
Шагонар,Тыва,"51.534711,92.919981"
Шадринск,Курганская область,"56.087042,63.629747"
Шали,Чечня,"43.153444,45.903956"
Шарыпово,Красноярский край,"55.53909,89.18016"
Шарья,Костромская область,"58.369854,45.518264"
Шатура,Московская область,"55.577577,39.544575"
Шахты,Ростовская область,"47.709237,40.215401"
Шахунья,Нижегородская область,"57.676341,46.612933"
Шацк,Рязанская область,"54.023558,41.713073"
Шебекино,Белгородская область,"50.404344,36.879319"
Шелехов,Иркутская область,"52.207875,104.098599"
Шелковская,Чечня,"43.508043,46.336108"
Шенкурск,Архангельская область,"62.105654,42.899612"
Шилка,Забайкальский край,"51.855596,116.038251"
Шимановск,Амурская область,"51.999509,127.676132"
Шиханы,Саратовская область,"52.11478,47.202327"
Шлиссельбург,Ленинградская область,"59.944959,31.034754"
Шумерля,Чувашия,"55.497934,46.417846"
Шумиха,Курганская область,"55.228726,63.28571"
Шуя,Ивановская область,"56.854404,41.384622"
Щёкино,Тульская область,"54.001574,37.518165"
Щёлкино,Крым,"45.429063,35.824849"
Щёлково,Московская область,"55.92022,37.991532"
Щигры,Курская область,"51.873243,36.912341"
Щучье,Курганская область,"55.208836,62.747862"
Электрогорск,Московская область,"55.879864,38.78037"
Электросталь,Московская область,"55.78445,38.444858"
Электроугли,Московская область,"55.716818,38.214772"
Элиста,Калмыкия,"46.307743,44.269759"
Энгельс,Саратовская область,"51.50105,46.124052"
Эртиль,Воронежская область,"51.835733,40.799252"
Югорск,Ханты-Мансийский АО,"61.314917,63.331964"
Южа,Ивановская область,"56.583698,42.011843"
Южно-Сахалинск,Сахалинская область,"46.957771,142.729587"
Южно-Сухокумск,Дагестан,"44.659128,45.651017"
Южноуральск,Челябинская область,"54.442455,61.268237"
Юрга,Кемеровская область,"55.713557,84.933878"
Юрьев-Польский,Владимирская область,"56.49925,39.680823"
Юрьевец,Ивановская область,"57.318321,43.110842"
Юрюзань,Челябинская область,"54.853677,58.425276"
Юхнов,Калужская область,"54.741525,35.226464"
Ядрин,Чувашия,"55.940689,46.202107"
Якутск,Якутия,"62.027221,129.732178"
Ялта,Крым,"44.948237,34.100318"
Ялуторовск,Тюменская область,"56.654694,66.312215"
Янаул,Башкортостан,"56.264962,54.929833"
Яранск,Кировская область,"57.304233,47.885855"
Яровое,Алтайский край,"52.919743,78.580049"
Ярославль,Ярославская область,"57.479957,39.752643"
Ярцево,Смоленская область,"55.066123,32.688292"
Ясногорск,Тульская область,"54.479293,37.693354"
Ясный,Оренбургская область,"51.035711,59.874088"
Яхрома,Московская область,"56.289890,37.483858"
